date,vax1_rate,vax2_rate,vax3_rate,fatality_rate_7d
2021-02-26,0.05465272643834756,0.01046128688765013,0.0,1.2621709340064913
2021-02-27,0.05756942025300437,0.010643580251066181,0.0,1.5322874863188618
2021-02-28,0.059319828570536984,0.010753348297854341,0.0,1.7164179104477613
2021-03-01,0.062528583795398,0.01095916338558214,0.0,1.5908250092489826
2021-03-02,0.18289904781707814,0.011270826232712807,0.0,1.2263099219620959
2021-03-03,0.30942240288997314,0.011635412959544908,0.0,1.3358070500927643
2021-03-04,0.4419281165128229,0.012286180665503282,0.0,1.3950073421439062
2021-03-05,0.5780248133805995,0.012664488398183904,0.0,1.5356489945155392
2021-03-06,0.6136229829827381,0.012791897738205875,0.0,1.3513513513513513
2021-03-07,0.6179196179570176,0.012864423054833766,0.0,1.1075384065737763
2021-03-08,0.7490747925756343,0.013042796130864525,0.0,1.3261648745519712
2021-03-09,0.872640290816327,0.013440705300471603,0.0,1.3485477178423237
2021-03-10,0.9784743292133465,0.014142436742438765,0.0,1.233721727210418
2021-03-11,1.065990824802592,0.01495785651857938,0.0,1.1152416356877324
2021-03-12,1.1413073860488105,0.0155635409196069,0.0,1.1151197113807805
2021-03-13,1.1492812505904932,0.01573799370825237,0.0,1.0893944248638257
2021-03-14,1.1520019300358855,0.015851682042425822,0.0,1.0745891276864727
2021-03-15,1.1784285873001348,0.017658934527045162,0.0,0.9696590553644042
2021-03-16,1.2171629868105067,0.019134922727607376,0.0,0.995504174694926
2021-03-17,1.257726200386117,0.020438418283216773,0.0,1.156440732412464
2021-03-18,1.2969329945264163,0.021506696595708683,1.9601436926457053e-06,1.0992563853863564
2021-03-19,1.3317137842087217,0.02273374654730489,1.9601436926457053e-06,0.8800521512385919
2021-03-20,1.334871575697574,0.023527604742826405,1.9601436926457053e-06,0.8264462809917356
2021-03-21,1.3355615462773853,0.024243057190642087,1.9601436926457053e-06,0.8603573792190603
2021-03-22,1.3437392657631033,0.025205487743731127,1.9601436926457053e-06,0.7194244604316548
2021-03-23,1.3761247598529955,0.027073504682822488,1.9601436926457053e-06,0.8549819138441302
2021-03-24,1.4186912402824896,0.02974714067959123,1.9601436926457053e-06,0.7000000000000001
2021-03-25,1.4687729116295873,0.032808885127503816,1.9601436926457053e-06,0.7035175879396985
2021-03-26,1.5111865008510552,0.03630382133149111,1.9601436926457053e-06,0.8635004981733644
2021-03-27,1.514563828433484,0.03658804216692474,1.9601436926457053e-06,0.9123492994460737
2021-03-28,1.5152243968579053,0.03676445509926285,1.9601436926457053e-06,0.808015513897867
2021-03-29,1.5512675190782745,0.038930413879636354,1.9601436926457053e-06,0.914733747141457
2021-03-30,1.5911956460974677,0.043509309545656724,1.9601436926457053e-06,0.7590132827324478
2021-03-31,1.6238810421723346,0.05341195548090283,1.9601436926457053e-06,0.7098765432098766
2021-04-01,1.684594532908343,0.06826396424007934,1.9601436926457053e-06,0.7438262421898245
2021-04-02,1.7541580724166463,0.08260241535178267,1.9601436926457053e-06,0.5832604257801108
2021-04-03,1.7708153735167493,0.08415288901266543,1.9601436926457053e-06,0.49047893825735717
2021-04-04,1.7725677419779748,0.08454099746380928,3.9202873852914105e-06,0.5952380952380952
2021-04-05,1.8352609778435551,0.08735380366275587,3.9202873852914105e-06,0.5802707930367506
2021-04-06,1.900416154187098,0.10100620448203321,3.9202873852914105e-06,0.6029049054535489
2021-04-07,1.9658026274863738,0.12212871291398333,3.9202873852914105e-06,0.6297559695617948
2021-04-08,2.031990799555941,0.14413524615131665,3.9202873852914105e-06,0.5303030303030304
2021-04-09,2.0944076551608584,0.16210584352549248,3.9202873852914105e-06,0.6136475208640157
2021-04-10,2.1126193502092296,0.16577131223073996,5.880431077937116e-06,0.5702066999287242
2021-04-11,2.1142011861691947,0.1663691560569969,5.880431077937116e-06,0.5373831775700935
2021-04-12,2.1849976560601725,0.17029140358598094,5.880431077937116e-06,0.4779244424214839
2021-04-13,2.26477354420716,0.17306892719845993,5.880431077937116e-06,0.4933841668535546
2021-04-14,2.3478522744762556,0.17422541197712088,5.880431077937116e-06,0.5307386112339673
2021-04-15,2.5153328320069823,0.17524860698468195,5.880431077937116e-06,0.6415929203539823
2021-04-16,2.703704601013927,0.17683044294464703,5.880431077937116e-06,0.5528527200353825
2021-04-17,2.758433773056288,0.1776948663131038,5.880431077937116e-06,0.621807683766378
2021-04-18,2.768471668906327,0.178141779075027,5.880431077937116e-06,0.6140350877192983
2021-04-19,2.9943174650292725,0.1791022494844234,5.880431077937116e-06,0.6659267480577136
2021-04-20,3.2359345773032455,0.18020973067076823,5.880431077937116e-06,0.576241134751773
2021-04-21,3.4808035679633176,0.18161711384208784,5.880431077937116e-06,0.5097517730496455
2021-04-22,3.7252374067236222,0.2154903569946983,5.880431077937116e-06,0.4176742141129918
2021-04-23,4.025921489031781,0.2516804899920159,5.880431077937116e-06,0.4279905842071475
2021-04-24,4.149622237187265,0.26307676542105807,5.880431077937116e-06,0.35416666666666663
2021-04-25,4.162282805298065,0.26435477910866306,5.880431077937116e-06,0.3142677561282213
2021-04-26,4.427801909760158,0.303884996958249,5.880431077937116e-06,0.31645569620253167
2021-04-27,4.7569609994913815,0.3440228593525551,5.880431077937116e-06,0.3614714012332554
2021-04-28,5.189919498466658,0.3818947956381628,5.880431077937116e-06,0.3163889474794347
2021-04-29,5.680943334049178,0.43680234075655433,5.880431077937116e-06,0.3628601921024546
2021-04-30,6.203995917569529,0.49326427982321386,7.840574770582821e-06,0.37370850736425587
2021-05-01,6.2812883036579334,0.508622005655093,7.840574770582821e-06,0.43280182232346237
2021-05-02,6.285008656386576,0.5100391895448758,7.840574770582821e-06,0.4595588235294118
2021-05-03,6.4490256400123975,0.5672028600535025,7.840574770582821e-06,0.391705069124424
2021-05-04,6.5911733004593716,0.6256190623817298,7.840574770582821e-06,0.4577706569008927
2021-05-05,6.603071372673732,0.6729643731338942,9.800718463228528e-06,0.608044901777362
2021-05-06,6.715362124394325,0.8062992275387331,9.800718463228528e-06,0.6233517142172141
2021-05-07,6.808868819108296,0.9460476721059087,9.800718463228528e-06,0.7930607187112764
2021-05-08,6.833160879891255,0.997387755703685,9.800718463228528e-06,0.827250608272506
2021-05-09,6.834052745271409,1.0070551843958135,9.800718463228528e-06,1.007866273352999
2021-05-10,6.861831901683583,1.1481012440875205,1.3721005848519939e-05,1.0138476755687438
2021-05-11,6.880010274289179,1.2954119230209231,1.3721005848519939e-05,0.971841515076003
2021-05-12,6.89358426936075,1.4467702986796394,1.3721005848519939e-05,0.9317552253840342
2021-05-13,6.912327163349829,1.5894609189294762,1.3721005848519939e-05,0.9241245136186771
2021-05-14,6.935370612600572,1.7367402355637964,1.3721005848519939e-05,0.7152745731425935
2021-05-15,6.939388907170496,1.7927199792820652,1.3721005848519939e-05,0.6722299490032452
2021-05-16,6.940719844737803,1.802746114269948,1.5681149541165642e-05,0.5504587155963303
2021-05-17,6.967260190336225,1.98596662565262,1.5681149541165642e-05,0.5757307351638619
2021-05-18,6.991426801922854,2.2460424110802375,1.5681149541165642e-05,0.5072783414203794
2021-05-19,6.996952446992422,2.4168630534632327,1.5681149541165642e-05,0.5709266578831796
2021-05-20,7.0206976276851325,2.803309302755719,1.5681149541165642e-05,0.5574136008918618
2021-05-21,7.048759044789048,3.220798347708635,1.5681149541165642e-05,0.6745754826703885
2021-05-22,7.059739769755249,3.289315170485066,1.764129323381135e-05,0.700280112044818
2021-05-23,7.06110402976533,3.294887859003257,1.764129323381135e-05,0.727870392110824
2021-05-24,7.1919318603872755,3.49052588067884,2.156158061910276e-05,0.7434052757793765
2021-05-25,7.334889060179313,3.6662743243051468,2.156158061910276e-05,0.8177008177008177
2021-05-26,7.495473832199312,3.7949499171525667,2.156158061910276e-05,0.6652411499168448
2021-05-27,8.757324174914755,3.901197545868734,2.156158061910276e-05,0.6440839694656488
2021-05-28,9.79786841429942,4.026889800015947,2.156158061910276e-05,0.5689900426742532
2021-05-29,10.11454138870849,4.04461341928485,2.3521724311748465e-05,0.6119951040391677
2021-05-30,10.1251732080974,4.0453073101520465,2.3521724311748465e-05,0.6532663316582915
2021-05-31,10.858755024926364,4.096966897171725,2.7442011697039878e-05,0.6443298969072164
2021-06-01,11.935712853689308,4.14738767337765,3.1362299082331284e-05,0.6539366989275438
2021-06-02,12.660572031085998,4.1911968849082815,3.332244277497699e-05,0.6587615283267457
2021-06-03,13.313052902631744,4.240778719613755,3.52825864676227e-05,0.6498570314530803
2021-06-04,14.015733054146146,4.299116516194276,3.724273016026841e-05,0.5815423514538559
2021-06-05,14.283200541438731,4.304838175633108,3.920287385291411e-05,0.4800768122899664
2021-06-06,14.290088486374689,4.305537946931383,4.116301754555981e-05,0.3771805752003772
2021-06-07,15.992700660105829,4.343829353967217,4.312316123820552e-05,0.3490807540144287
2021-06-08,17.410151129430876,4.387419029404272,4.704344862349693e-05,0.27958993476234856
2021-06-09,18.53622819898783,4.425971135551228,4.9003592316142645e-05,0.28456248517903726
2021-06-10,20.007027899195613,4.977075335457031,5.0963736008788346e-05,0.241196333815726
2021-06-11,21.59585961199975,5.4340553953856805,5.292387970143405e-05,0.27451959071624654
2021-06-12,22.344730549631347,5.666830299462129,5.4884023394079756e-05,0.2612330198537095
2021-06-13,22.399026529917634,5.69099887119245,5.684416708672546e-05,0.2953813104189044
2021-06-14,23.872323453189846,6.175934500465612,6.0764454472016874e-05,0.35733919736118747
2021-06-15,25.112437762497542,6.561547688688724,6.0764454472016874e-05,0.44981726173741915
2021-06-16,26.20462982803973,7.090392496820843,6.0764454472016874e-05,0.4285714285714286
2021-06-17,27.05302314137803,7.32404162498421,6.272459816466257e-05,0.43731778425655976
2021-06-18,28.085475907599456,7.559307871694012,6.468474185730828e-05,0.44365572315882873
2021-06-19,28.500746069892298,7.62808931386895,6.664488554995398e-05,0.4548211036992117
2021-06-20,28.503078640886542,7.631239264783031,6.860502924259969e-05,0.5190839694656488
2021-06-21,28.595928687463477,7.842399664360674,6.860502924259969e-05,0.49489638107021344
2021-06-22,28.691150507908514,8.0672653886373,6.860502924259969e-05,0.43023970497848807
2021-06-23,28.77760656576004,8.283141893939447,6.860502924259969e-05,0.41741204531902204
2021-06-24,28.86749091493,8.477507782358503,7.05651729352454e-05,0.40887850467289716
2021-06-25,28.99315180677813,8.654861583669087,7.25253166278911e-05,0.36609405801182765
2021-06-26,29.01654220146247,8.69940584908446,7.25253166278911e-05,0.4013914905004014
2021-06-27,29.017604599343883,8.701938354735358,7.25253166278911e-05,0.28046914839367665
2021-06-28,29.043829361807795,8.969296073981155,7.25253166278911e-05,0.27053615346778165
2021-06-29,29.076608844779905,9.235914819054823,7.448546032053682e-05,0.25779235997187716
2021-06-30,29.105679735885538,9.488385246954975,7.448546032053682e-05,0.2490942028985507
2021-07-01,29.116607536972033,9.713938981667717,7.448546032053682e-05,0.28465075541931245
2021-07-02,29.129317108675153,9.940925581419782,7.448546032053682e-05,0.31525851197982346
2021-07-03,29.134009692675345,9.973420843556463,7.448546032053682e-05,0.26617526617526616
2021-07-04,29.13514265572969,9.975282980064476,7.448546032053682e-05,0.2593257530420906
2021-07-05,29.241535335079117,10.123495325096496,7.448546032053682e-05,0.2488991001340226
2021-07-06,29.31789469276982,10.298467551820515,7.448546032053682e-05,0.27912169705991813
2021-07-07,29.388038434811147,10.470542686166803,7.840574770582822e-05,0.2590226213089276
2021-07-08,29.463500046690623,10.676295049296437,8.036589139847394e-05,0.2061855670103093
2021-07-09,29.57777250368448,10.965947442902387,8.428617878376534e-05,0.17657445556209533
2021-07-10,29.604022748016394,11.044004285030924,8.624632247641104e-05,0.17615176151761516
2021-07-11,29.606045616307203,11.047148355513928,9.016660986170246e-05,0.21354101243562365
2021-07-12,29.667045288022337,11.229122215508076,0.0001038876157102224,0.19161676646706588
2021-07-13,29.878150803576588,11.442634787516894,0.00010780790309551381,0.15992689056431345
2021-07-14,30.097294868414377,11.680290449388032,0.00011368833417345091,0.1529051987767584
2021-07-15,30.337880945106022,11.958227064143037,0.00012740934002197085,0.15822784810126583
2021-07-16,30.601214489350813,12.317593928321623,0.00012936948371461657,0.14435966178593523
2021-07-17,30.6689433343628,12.390556356992974,0.00013721005848519937,0.16378339645818407
2021-07-18,30.67446897943237,12.392685073043188,0.0001391702021778451,0.13133966457870277
2021-07-19,30.98680415584961,12.531404442171723,0.0001450506332557822,0.129366106080207
2021-07-20,31.280729662705532,12.64966775172381,0.0001470107769484279,0.11791294094526873
2021-07-21,31.55286033184292,12.726903293645128,0.0001470107769484279,0.11599806669888835
2021-07-22,31.826249413230983,12.843692575140345,0.00015093106433371932,0.12279210352318883
2021-07-23,32.111236664848434,12.96154817480436,0.00015485135171901073,0.14042314173375772
2021-07-24,32.168272926017046,12.984701392101892,0.00015877163910430216,0.11970534069981582
2021-07-25,32.172201053977105,12.986169539727682,0.00015877163910430216,0.14686983660730676
2021-07-26,33.37225394649451,13.112853626583373,0.00016857235756753068,0.17334184837149896
2021-07-27,34.113329392660454,13.208122490477034,0.0001744527886454678,0.1810774105930285
2021-07-28,35.04463090376659,13.2916892965256,0.00019209408187927912,0.20611165875078413
2021-07-29,35.72052961200837,13.377031992759699,0.00019993465664986198,0.20016377035756527
2021-07-30,36.6851496456021,13.494430878943328,0.0002116955188057362,0.20773121387283236
2021-07-31,37.1035227153604,13.521916013801608,0.00022149623726896474,0.24583447145588638
2021-08-01,37.158120557775355,13.524215262353081,0.00023129695573219323,0.22856098006948253
2021-08-02,38.07057920756409,13.595035253968371,0.0002489382489660046,0.2029894814541428
2021-08-03,38.494385795638394,13.80402969476564,0.00027049982958510737,0.2341701011614837
2021-08-04,38.814100913058454,14.019396562707701,0.00029794184128214727,0.2189225204644965
2021-08-05,39.18666346457593,14.266764736575896,0.00030382227236008433,0.22624434389140274
2021-08-06,39.68042954118446,14.57065365382153,0.00031166284713066714,0.22637238256932654
2021-08-07,39.9160584144774,14.64136975782111,0.00032146356559389574,0.19289060347203085
2021-08-08,39.97026030786644,14.646813076855588,0.0003351845714424156,0.2058718224131758
2021-08-09,40.795208342497006,14.985155439786855,0.00038026787637326687,0.22721314340644938
2021-08-10,41.29588980605319,15.313802932014298,0.0003979091696070782,0.2546689303904924
2021-08-11,41.63355199912311,15.630297533347337,0.00043515189976734667,0.2362333007494298
2021-08-12,41.953637583701074,16.98943960824725,0.00046455405515703215,0.23222293401665597
2021-08-13,42.41581202441523,18.18581527119725,0.00048219534839084356,0.24269944413998276
2021-08-14,42.690083170464995,18.537931563856738,0.0005017967853173005,0.24848578971890045
2021-08-15,42.7239309317496,18.549478770350113,0.0005449199465555061,0.262204056450991
2021-08-16,43.99499590996417,19.044183755787422,0.0006076445447201687,0.31461019030079806
2021-08-17,45.367147458552175,19.994302646342955,0.0006507677059583742,0.29532913655086657
2021-08-18,46.35644766138,20.608002074929708,0.0006938908671965798,0.33737649610410475
2021-08-19,47.317817776731324,21.17239800921534,0.0007546553216685966,0.4122403678452513
2021-08-20,48.631129731953486,21.8140275252786,0.0007977784829068022,0.41028878017989584
2021-08-21,49.32035545716157,22.05187136094423,0.0008467820752229448,0.41990175883378233
2021-08-22,49.395164341191396,22.057061821442357,0.0008840248053832132,0.4745817245817246
2021-08-23,50.11907676918453,23.43203597694777,0.0009349885413920014,0.4473363155754371
2021-08-24,50.86703623999905,24.580862474201567,0.0010153544327904753,0.4424778761061947
2021-08-25,51.55809077927237,25.48428878185459,0.0010663181687992638,0.461622721226821
2021-08-26,52.783262913211026,26.29323812366578,0.0011427637728124464,0.5275779376498801
2021-08-27,53.90587248857569,27.34580392431744,0.0012054883709771088,0.5529354366563668
2021-08-28,54.413430136205676,27.8279953524209,0.0012486115322153143,0.6059117333988373
2021-08-29,54.43844549001122,27.855145302707733,0.0012819339749902915,0.5243322955923316
2021-08-30,55.164274938535776,28.98706948089985,0.0013485788605402454,0.5051328010428549
2021-08-31,55.6097744368566,29.98168951370952,0.0014348251830166565,0.46967699406723795
2021-09-01,55.92235267109174,30.986065181677485,0.0015406729424195245,0.45810428119273694
2021-09-02,56.25323276698509,31.923552906277614,0.0016641619950562038,0.3806686527639854
2021-09-03,56.67031214190625,33.251289558933955,0.0017268865932208667,0.35131744040150564
2021-09-04,56.88050031021235,33.74252901032266,0.001764129323381135,0.30918358820088576
2021-09-05,56.893605830941375,33.75609320467577,0.0017837307603075921,0.33789491468153404
2021-09-06,58.26808603023623,34.97413237571689,0.0018484155021649001,0.34959072305593447
2021-09-07,59.315257515445744,35.77706015610428,0.0019287813935633742,0.3596520575443292
2021-09-08,60.010767461332435,36.35832116672144,0.0020189480034250766,0.3339176892895901
2021-09-09,60.828623696083014,36.91273800946781,0.002089513176360322,0.31488233344381833
2021-09-10,62.035246990258166,37.71147108235293,0.0021737993551440874,0.31831537708129287
2021-09-11,62.62638712508626,38.11094248648305,0.002230643522230813,0.34922439697880286
2021-09-12,62.66124044008519,38.15577685316493,0.002252205102849916,0.3021148036253776
2021-09-13,64.20398133410046,38.95821459762915,0.0023247304194778068,0.26115859449192785
2021-09-14,65.30752263162306,39.37791860495476,0.0024325383225733206,0.2951970639859582
2021-09-15,65.98717305489257,40.20531485905743,0.0025325056508982515,0.35816618911174786
2021-09-16,66.77965522954185,40.79501036798405,0.002608951254911434,0.3371598298145621
2021-09-17,67.9862765635733,41.635592508707155,0.0026716758530760964,0.3181673560292714
2021-09-18,68.69804982167788,41.996766625370356,0.0027187193016995938,0.2735443532629933
2021-09-19,68.73510437804367,42.04645822812262,0.0027383207386260508,0.3397945787319484
2021-09-20,68.79032750629656,42.07422562367264,0.0027932047620201302,0.3658815458495312
2021-09-21,68.80290966865967,42.083544146787474,0.0028441684980289187,0.33700292069197935
2021-09-22,68.85276592348211,42.115282793458796,0.0029245343894273926,0.30009233610341646
2021-09-23,69.85533237882177,42.834226257191084,0.0030264618614449694,0.32106499608457323
2021-09-24,70.97847707341451,43.625016827833605,0.003104867609150798,0.3335354760460885
2021-09-25,71.54654631698017,44.037636875853984,0.0031715124947007517,0.3200445279343213
2021-09-26,71.59283118999461,44.08096193189253,0.0032087552248610198,0.29545006893834946
2021-09-27,72.34923299969336,45.42466395492548,0.003310682696878597,0.28735632183908044
2021-09-28,72.81347931229064,46.729314035169836,0.00341849059997411,0.3018230109863576
2021-09-29,73.22512320875208,47.72035484559674,0.0035890231012342864,0.3046200710780166
2021-09-30,73.85671090867793,48.74816991184136,0.0037497548840312346,0.28537583458970495
2021-10-01,74.27556029335354,50.37635542956275,0.003918327241598765,0.3382368731880167
2021-10-02,74.49336165976187,51.139933325320264,0.003990852558226656,0.35785288270377735
2021-10-03,74.49945770664598,51.201021203501575,0.00405749744377661,0.3368396170665406
2021-10-04,74.54548188054932,51.59623125524387,0.004208428508110329,0.3515914137675796
2021-10-05,74.62186868025171,53.02239064299534,0.004361319716136695,0.38712174979030906
2021-10-06,74.6815491752617,53.96573527694909,0.00455537394170862,0.42335268009559573
2021-10-07,74.74188827855241,55.29795673837421,0.0047023847186570475,0.4342132469501689
2021-10-08,74.81642862289635,57.33752153315853,0.004831754202371664,0.401493273226738
2021-10-09,74.83321921376755,57.52218863058638,0.004980725123012738,0.4028197381671702
2021-10-10,74.8363789654001,57.55321378495357,0.005061091014411212,0.5070464544031019
2021-10-11,74.99996079712614,57.865762617033326,0.005196340929203765,0.536892161374444
2021-10-12,75.1706344287322,58.972894897800856,0.006774256601783558,0.546448087431694
2021-10-13,75.26476444914043,59.72487854361638,0.00959882366288602,0.5580718214170172
2021-10-14,75.35693628599971,60.58126140264589,0.013105520729029188,0.6145815793904698
2021-10-15,75.505446572873,61.91434924758317,0.01775890185537009,0.6233538191395961
2021-10-16,75.61161383569778,62.561939560615755,0.01805684369665224,0.7508594174054641
2021-10-17,75.61391700453663,62.59616954992043,0.018137209588050714,0.7719878687620623
2021-10-18,75.7435667887993,63.764711172434865,0.021147990299954515,0.7899934167215273
2021-10-19,75.80814372275351,64.58024463690964,0.02529957464097812,0.9073359073359074
2021-10-20,75.9350414652717,65.16427925085189,0.033788956973826674,0.8888888888888888
2021-10-21,76.04555828695045,65.92058109322232,0.045324402605046644,0.9235765756622348
2021-10-22,76.16375103132961,67.07398452599844,0.05750865579853236,1.0304985947746435
2021-10-23,76.25926687332853,67.67475092650112,0.05874942675597708,1.052853232259423
2021-10-24,76.26484348213411,67.7035669989267,0.05885919480276525,1.094852089693652
2021-10-25,76.40994115883852,68.49331085283735,0.07615942303405625,1.0684647302904564
2021-10-26,76.48325641337455,69.0014408624256,0.10082979154969508,0.9865744507729861
2021-10-27,76.62839917338388,69.4672239276779,0.1262018915073011,0.949769901106433
2021-10-28,76.74516885344217,70.5952376192032,0.14454687632677227,0.8913802609814373
2021-10-29,76.85347267289193,71.85892069627127,0.16406402707444556,0.7694302757845596
2021-10-30,76.91943346829314,72.49593799422573,0.17055994327187343,0.6824535438250288
2021-10-31,76.92431226594414,72.53313956136846,0.17110682336212157,0.6405249179815654
2021-11-01,77.07991827298483,72.75523952289475,0.23624827869981632,0.631768953068592
2021-11-02,77.15772029643333,72.9159164216683,0.34239005965658126,0.6241280563918056
2021-11-03,77.28016263233812,73.05509250427723,0.44976869128340563,0.6558749651130338
2021-11-04,77.3944037270329,73.28470961686483,0.5342783264481326,0.7276931447225246
2021-11-05,77.52652329234829,73.57724930213004,0.6442149455938596,0.797373358348968
2021-11-06,77.61117797814629,73.6912061759894,0.6862208249272571,0.8362091850278737
2021-11-07,77.61485324757,73.69794122971732,0.6875400016324077,0.7747357363272274
2021-11-08,77.83513027546213,73.99049463598838,1.034444272213152,0.7971251225089839
2021-11-09,77.91921651958924,74.20570077214764,1.221195002386279,0.8035772146976865
2021-11-10,78.04901919505993,74.40069782683572,1.3980372061930817,0.783410138248848
2021-11-11,78.170675513344,74.60042470825418,1.6011414151939518,0.7618046890392066
2021-11-12,78.31817828635927,74.86596341415319,1.8714530709845651,0.7473939552874844
2021-11-13,78.42288524213302,75.04601437318486,1.9652185046659651,0.8218641967255887
2021-11-14,78.42641742106717,75.05203593460867,1.9688114480545849,0.8696212316413295
2021-11-15,78.54408680708038,75.2160254762228,2.2682194768188313,0.8497685331980469
2021-11-16,78.60672319877888,75.30261482384542,2.5220228024299822,0.8529575375486742
2021-11-17,78.69270490185679,75.42701926358656,2.766605612110928,0.8560632896445861
2021-11-18,78.77822205087953,75.5403920146255,3.0060998887657657,0.8639186900056465
2021-11-19,78.8711426626294,75.68023650623361,3.288268453753193,0.8871231087406117
2021-11-20,78.92157911998487,75.75119958833845,3.3597509739365967,0.8310393185477587
2021-11-21,78.92397245543359,75.75514731773545,3.362679428613409,0.8519595068657914
2021-11-22,79.0168519041659,75.92034430786424,3.6299469812493443,0.8759686191461712
2021-11-23,79.06981106645381,76.00076116299873,3.8852850993718366,0.8899714272331256
2021-11-24,79.1589936841818,76.1163625974162,4.169484373224845,0.9156193895870737
2021-11-25,79.25085777848135,76.24358964407476,4.539592824839129,0.9335601797321468
2021-11-26,79.35638799460601,76.40482518380071,5.078330478188031,0.9459743535841917
2021-11-27,79.41812272020587,76.49027372779422,5.205639850881676,1.0062484784549217
2021-11-28,79.41974375903969,76.49362557350864,5.209256315994608,1.0765362250510766
2021-11-29,79.47732690029855,76.69604961264817,5.539916875794397,1.087417576061389
2021-11-30,79.5167061870838,76.78604176972122,5.887236696837983,1.1268463529770063
2021-12-01,79.56111324244068,76.9110499337197,6.189484973812872,1.0816558501081657
2021-12-02,79.60348370850092,77.0266729297178,6.531543769185396,1.062937062937063
2021-12-03,79.66732754871408,77.19691924999884,7.056634902146099,1.001753912574204
2021-12-04,79.70761438202902,77.29758438947836,7.235345122891992,1.0183299389002036
2021-12-05,79.71088390170836,77.30118909372912,7.242197785241482,0.9398730237769203
2021-12-06,79.80990644077343,77.42672257623724,7.783583592719149,0.9382164836490889
2021-12-07,79.88092636704538,77.5053615810425,8.336055972922418,0.9439612148866392
2021-12-08,79.96750395380585,77.60319627302982,8.910289868401442,0.9725739533380031
2021-12-09,80.0533092439514,77.70763468911768,9.759529963814963,0.9471981928793285
2021-12-10,80.14998745116007,77.84816523101821,11.232260405560003,0.950524006824275
2021-12-11,80.19917725712702,77.91290093661154,11.76377100911412,0.9378443647276734
2021-12-12,80.20314654810463,77.91579606884558,11.780257777712963,0.9025515743756787
2021-12-13,80.34890675337715,78.03526878705603,13.284442645293886,0.8708780989475066
2021-12-14,80.45178881537305,78.11700285875197,14.82646220643026,0.9240667573461148
2021-12-15,80.61753072544839,78.22666701792441,16.60899139865426,0.9194423752261359
2021-12-16,80.80328962291304,78.34443441112226,18.37033143756076,0.922124676308975
2021-12-17,81.00548432524053,78.49532823272583,20.65379691202099,0.9537723051236565
2021-12-18,81.13618082623506,78.57220702849507,21.671168332671197,0.8911547707867031
2021-12-19,81.14719291350035,78.57559611693966,21.72849273496262,0.9706503775913646
2021-12-20,81.37599852659919,78.67611424564222,23.357509353609686,1.0084566596194504
2021-12-21,81.51588810151223,78.74663825555993,24.687210070246064,0.9269716794169668
2021-12-22,81.68718897909993,78.81965948854206,25.87833842853085,0.9584389908454033
2021-12-23,81.83896486536518,78.88402668712115,27.025359633443717,1.0735326205542222
2021-12-24,81.9860599284924,78.96383197742354,28.553050544186853,1.066594962803621
2021-12-25,82.00502039843136,78.97325438815407,28.667813037103873,1.2141715133118614
2021-12-26,82.0115104341977,78.97651606725866,28.71602473136819,1.218734500106285
2021-12-27,82.15393839519272,79.09851149040152,30.16851668948666,1.2563971961483422
2021-12-28,82.23971036289551,79.17945366404564,31.347664649521995,1.283175860254129
2021-12-29,82.3318802396111,79.26661929391389,32.371171319930184,1.2415797120591732
2021-12-30,82.42032192302328,79.35319492053068,33.41174300132655,1.2063262640020012
2021-12-31,82.5205852330458,79.46212206567469,34.802217973153404,1.4038533753141338
2022-01-01,82.52855909758749,79.47151703439354,34.867271222024925,1.346628908838947
2022-01-02,82.53245978353584,79.47613709307711,34.89974884286837,1.4174523824590268
2022-01-03,82.60707657348378,79.62545299900809,35.823913470789584,1.4053133291840012
2022-01-04,82.65610564766793,79.72792147068483,36.51568346251072,1.4587474311895698
2022-01-05,82.6945244640438,79.8700730514192,37.14634205432624,1.580614838282909
2022-01-06,82.73088316939867,80.03080091392876,37.871846118997816,1.5462620015103024
2022-01-07,82.77882436383341,80.23205278714008,39.00399963400197,1.3774208076865335
2022-01-08,82.80826768224063,80.36452713846384,39.64841647439617,1.3949873712842433
2022-01-09,82.81021606507113,80.37325957861458,39.67751872780088,1.3492126295798053
2022-01-10,82.85539345689924,80.57863755429892,40.50940763124711,1.3477517592334909
2022-01-11,82.89157966960916,80.71466760628114,41.149994350865875,1.3163633480036476
2022-01-12,82.92084461494036,80.8658574095823,41.677406293958676,1.2996820349761526
2022-01-13,82.95027617248543,81.01032588016136,42.323608825256876,1.2817460317460319
2022-01-14,82.99081194404934,81.17964701261948,43.40787014941861,1.2524973105885968
2022-01-15,83.01413373370444,81.2340684421021,43.960199439132325,1.0913950553121985
2022-01-16,83.01551367486407,81.2403859852235,43.99000734426639,0.9799329898764275
2022-01-17,83.04384363165389,81.37281525324234,44.70620464668528,0.9123960008389849
2022-01-18,83.06520331747264,81.45880087660761,45.18852152398507,0.889024101680019
2022-01-19,83.08300534248924,81.54255977673806,45.58368649242244,0.916188141170398
2022-01-20,83.10169727274231,81.62591488726783,46.108514966128325,0.8014833423051618
2022-01-21,83.1293117770843,81.73561824931413,46.969709977923294,0.6757135647395278
2022-01-22,83.14591223401732,81.76908182243497,47.42258353681585,0.6459036113072356
2022-01-23,83.1469569906055,81.7726747658236,47.44579947871155,0.5494505494505495
2022-01-24,83.16775215504077,81.84763850120514,47.99192491363803,0.5095850521718029
2022-01-25,83.18402330783343,81.9011700254513,48.43660703203902,0.4193839670914017
2022-01-26,83.19934575107885,81.94641798245232,48.90263511525292,0.2945456458088609
2022-01-27,83.21566590746382,81.99269109460461,49.48005424423249,0.26638334565163835
2022-01-28,83.23914842890171,82.06094721826992,50.377180650057355,0.23700192564064582
2022-01-29,83.25349864087556,82.10211219595918,50.961860151274486,0.21469099831314215
2022-01-30,83.25465120536684,82.104638821179,51.004585403343086,0.20176198423932562
2022-01-31,83.25576652712796,82.10645979466946,51.03953280523926,0.1813349707849214
2022-02-01,83.25592725891076,82.10680085967198,51.04499180542328,0.16054603196883827
2022-02-02,83.25688576917646,82.10834545290179,51.0682018668879,0.13690947479546056
2022-02-03,83.27899422988581,82.20353003061666,51.67188888149261,0.121165348253907
2022-02-04,83.30153980263863,82.26842842813646,52.32774120018971,0.11070346374106743
2022-02-05,83.31460808063748,82.30092369027314,52.683068208217755,0.09015438939183351
2022-02-06,83.31537057653394,82.30265057686637,52.70377320604317,0.07629114469887112
2022-02-07,83.32990112172752,82.34290212759485,53.157213246462895,0.06429931330342746
2022-02-08,83.34019775654498,82.37177308404384,53.456923137355815,0.06714619474236097
2022-02-09,83.34944963477426,82.39490277961704,53.728271709159834,0.061617041976609846
2022-02-10,83.35990504123085,82.42009650649862,54.11097800428676,0.053246029033476645
2022-02-11,83.37461983993153,82.45577504199217,54.673362831143734,0.05683442129089697
2022-02-12,83.38467145678742,82.47759732172239,54.96308775006631,0.05696559154432481
2022-02-13,83.3852614600389,82.47864403845425,54.97816909563753,0.06017165064046118
2022-02-14,83.40415332494862,82.50310467159478,55.33469767174917,0.05917225515743153
2022-02-15,83.42201219413232,82.52219255087377,55.59042977875388,0.06282661955984564
2022-02-16,83.438914513194,82.53943593493797,55.82753464024738,0.060999489692985055
2022-02-17,83.45574626708276,82.55756530395125,56.145283733543714,0.05930695585868
2022-02-18,83.47687465594578,82.58489166717042,56.60154834102455,0.05210774875154483
2022-02-19,83.48799651125785,82.60177242465149,56.83567182396153,0.05412647849581629
2022-02-20,83.4885453514918,82.60279953994643,56.849388909522666,0.05245732327111448
2022-02-21,83.50338363924511,82.6128550770897,57.149481028435645,0.052854122621564484
2022-02-22,83.51488184214618,82.619944916826,57.36173322805009,0.04919935954517925
2022-02-23,83.52536861090184,82.62656040178868,57.56608212829579,0.05179511296359525
2022-02-24,83.53688837538351,82.64543266526148,57.846098455508695,0.05252020797064495
2022-02-25,83.55313208616447,82.67066167472952,58.267000110630505,0.054671918984356346
2022-02-26,83.56204289939123,82.68587631007183,58.47797625670105,0.05549537846820423
2022-02-27,83.56242120712392,82.68664272625567,58.48851202904901,0.05214264599698581
2022-02-28,83.57261395432567,82.70151629659546,58.756904704164526,0.0564099132755666
2022-03-01,83.5729805011962,82.70214158243341,58.76608993750827,0.05916698267214231
2022-03-02,83.57675377780454,82.70962541105193,58.88597232575048,0.05639294881824105
2022-03-03,83.58014482639283,82.71694066731288,59.00951234212317,0.058721137512320956
2022-03-04,83.58620363054679,82.73035393060167,59.20090665270416,0.061018003017645726
2022-03-05,83.59034541416935,82.7402310946689,59.2924238015701,0.06451024344471668
2022-03-06,83.59045126192875,82.74054079737235,59.295277770786605,0.06850346281240591
2022-03-07,83.60484067677646,82.75095896109875,59.41899616023532,0.06689225126687398
2022-03-08,83.61561362651125,82.76023828133974,59.495063456515815,0.06885990799464159
2022-03-09,83.61761689336512,82.76261201535154,59.51009187820734,0.06747340035691103
2022-03-10,83.62710006855013,82.77424742831107,59.62569723291219,0.06704890132339054
2022-03-11,83.64336534091173,82.79951760079666,59.78223430820688,0.06877556954433234
2022-03-12,83.65066883631052,82.80912034474693,59.84453747547762,0.06707264765388708
2022-03-13,83.650806046369,82.80925167437434,59.84584293117693,0.06795568165691858
2022-03-14,83.65752933923478,82.81798999495615,59.93638588862762,0.06771382835522247
2022-03-15,83.66195730383646,82.82384886445348,59.99558418828921,0.06771146689663973
2022-03-16,83.66592659481407,82.82823370589392,60.05528624487981,0.06637462933245496
2022-03-17,83.67038984200222,82.83315170641878,60.1373535410035,0.06737686656244038
2022-03-18,83.67893606850217,82.8433522941953,60.2775763403443,0.06707932862801777
2022-03-19,83.68266426180557,82.84676098407682,60.33078640102486,0.0686522129744207
2022-03-20,83.68270934511051,82.84680998766912,60.33175471200902,0.07176635063668223
2022-03-21,83.68677272298535,82.85091256841784,60.42014151139781,0.07917717605579082
2022-03-22,83.6899853984976,82.85306872647975,60.47392393403662,0.08259892569679915
2022-03-23,83.6926511939196,82.85530133014566,60.53698567691641,0.08451057687048469
2022-03-24,83.69580310497737,82.85800828858521,60.61428198329221,0.09340001726461601
2022-03-25,83.70160513030761,82.86300861514515,60.74129929457565,0.099545755110255
2022-03-26,83.70433365032777,82.86495699797565,60.803629903858095,0.10168661486886087
2022-03-27,83.7043787336327,82.86498640013103,60.80457273297425,0.10053226819634054
2022-03-28,83.70726602529197,82.87451269847729,60.87440677231214,0.09958496622375461
2022-03-29,83.70963779916008,82.8814672882988,60.91251392584086,0.09388356449295418
2022-03-30,83.71175083406074,82.88374497526965,60.96084714901412,0.10240729562524041
2022-03-31,83.72028137941113,82.88998411264335,61.01962793806918,0.10151113872440935
2022-04-01,83.74117259088736,82.90094327602893,61.09183963170624,0.10282604462632265
2022-04-02,83.75279820312844,82.90528107402075,61.125195396924006,0.10713765531458791
2022-04-03,83.75290993131892,82.9053732007743,61.1257011139967,0.11261589526235909
2022-04-04,83.75821015986384,82.91028532086807,61.16593502343195,0.11254290416739018
2022-04-05,83.76178546195922,82.91364304701358,61.18835906727582,0.11585925995093325
2022-04-06,83.7658958832827,82.91659698355839,61.21917056598052,0.12138276274814173
2022-04-07,83.77060218828873,82.92005271688852,61.25733848396371,0.12693281355851627
2022-04-08,83.78566589256671,82.92716411820544,61.314155209038745,0.13359405319879392
2022-04-09,83.79226569637986,82.92953981236093,61.335381605086404,0.14026667015426064
2022-04-10,83.79231469997217,82.92956921451632,61.33568542735877,0.14855185919366765
2022-04-11,83.79468255355289,82.93254863292916,61.36053612909412,0.15521752939225555
2022-04-12,83.79672894356801,82.93493608794678,61.37649561903964,0.15879595816033568
2022-04-13,83.79962995623312,82.9372274959235,61.399846810850136,0.1556854152211469
2022-04-14,83.80229771179883,82.93995601594365,61.428014075713456,0.16317072622217707
2022-04-15,83.81258846618522,82.94570511739418,61.473648181021936,0.1648375173043714
2022-04-16,83.81586778658301,82.9478318733007,61.48738486802,0.17087136730635616
2022-04-17,83.81590306916948,82.94787695660564,61.487600483826185,0.17067795877803224
2022-04-18,83.81730261176602,82.94962344463578,61.50297781109499,0.16515472219769903
2022-04-19,83.81854534286715,82.95128956677453,61.514411329254195,0.1785818876846631
2022-04-20,83.82045844311118,82.95324971046718,61.530980423888124,0.1961446154582156
2022-04-21,83.822532275138,82.95585670157838,61.549231321810346,0.18807812077291905
2022-04-22,83.82952802797705,82.96290733844084,61.57910587182997,0.19241713450742137
2022-04-23,83.83198016773655,82.96524186957878,61.588108811810294,0.18326819649200063
2022-04-24,83.83201545032301,82.96530067388956,61.58832246747279,0.17611458646157294
2022-04-25,83.8335384819722,82.96739410735331,61.604142787216134,0.17637909005055274
2022-04-26,83.8350850353457,82.96916607725146,61.61698760883404,0.1797745289052159
2022-04-27,83.83692168998572,82.97108701807025,61.63158871920056,0.1871390570337069
2022-04-28,83.83883283008603,82.97347839337527,61.64876545837921,0.19489900784489783
2022-04-29,83.84410365647557,82.97916084994026,61.67815781305044,0.19271636792216718
2022-04-30,83.8464381876135,82.98117979794368,61.68807221984783,0.18803360057342883
2022-05-01,83.84646170933782,82.98120723995538,61.688291755941414,0.19371541969483907
2022-05-02,83.84793769753838,82.98286160123197,61.71173899479284,0.19362908423547917
2022-05-03,83.84925491409983,82.98447871977841,61.7291254693466,0.20062323786912006
2022-05-04,83.85085439135304,82.98612916076762,61.74473801385852,0.1966065960219501
2022-05-05,83.85095827896875,82.98623696867071,61.74558479593375,0.19212459194776932
2022-05-06,83.85450809919614,82.99074921945117,61.773207140850516,0.17652348650539007
2022-05-07,83.85557637750863,82.99208407730588,61.780114687223396,0.1834662744715496
2022-05-08,83.85560381952033,82.99210367874281,61.78024405670711,0.17818680971211112
2022-05-09,83.85687595277685,82.99367963427169,61.80100197841223,0.16262396364351936
2022-05-10,83.85790894850287,82.99506545586239,61.81385268046121,0.16857054416212608
2022-05-11,83.85896350580951,82.99658652736788,61.827318867629685,0.1555168558978532
2022-05-12,83.86021603762912,82.99818992490846,61.841086916926834,0.1535451789152072
2022-05-13,83.86287203233265,83.00160645536474,61.85953578936202,0.15170920623303752
2022-05-14,83.86417160760087,83.00295895451268,61.86567299926369,0.14663512030024534
2022-05-15,83.86420100975627,83.00298051609329,61.86581020932218,0.1463987177491618
2022-05-16,83.86520460332689,83.00427813121783,61.87806894797598,0.14843041347852318
2022-05-17,83.86609058827598,83.00544245657126,61.887691293363176,0.1423946418797948
2022-05-18,83.8669922543746,83.00673027097733,61.89778603338031,0.15219425700635375
2022-05-19,83.86787627917998,83.00815333529819,61.908425693343986,0.14442430015671573
2022-05-20,83.86990110761448,83.01151302158738,61.92371481414662,0.14472627047850123
2022-05-21,83.8708811794608,83.01287336131007,61.928683778407475,0.13419791993224103
2022-05-22,83.87089294032295,83.01289884317808,61.92884058990289,0.14229932948555946
2022-05-23,83.87173188182341,83.0142239003143,61.93847861643963,0.13749412604208366
2022-05-24,83.872455174846,83.01545291040959,61.94595068419599,0.1399738389506241
2022-05-25,83.87334704022614,83.01711707240464,61.95428913546451,0.1414825579534324
2022-05-26,83.87437611566479,83.02053948329201,61.963588057142424,0.14909014166967344
2022-05-27,83.87664008162979,83.03285310596921,61.97657988953728,0.15685764265371327
2022-05-28,83.87758095060227,83.0385571241148,61.98105293744389,0.17558379678689387
2022-05-29,83.87759467160811,83.03860220741974,61.981168585921765,0.15655321994096638
2022-05-30,83.87848653698826,83.04136012959529,61.990600797370774,0.15151005016666105
2022-05-31,83.87945288782875,83.04379462806156,61.99772199940615,0.15504300163251158
2022-06-01,83.87962342032999,83.04467277243587,61.99896669065098,0.16553191908642145
2022-06-02,83.88049568427323,83.0479952159949,62.01026103860801,0.15988246478264626
2022-06-03,83.88234998020647,83.0596149478049,62.02171023791675,0.14119826495572024
2022-06-04,83.88320264271277,83.06407819499306,62.02524045670721,0.11374451588941248
2022-06-05,83.88321244343123,83.06412719858537,62.02530906173646,0.1187890714054307
2022-06-06,83.88329672961001,83.0644133795645,62.025826539671314,0.13500364874726342
2022-06-07,83.88391025458581,83.06620495089958,62.03236753917367,0.17130981801842282
2022-06-08,83.88456690272285,83.06906676069083,62.037779495909064,0.15559336328869114
2022-06-09,83.8852470725842,83.07145617585218,62.043054242585974,0.15627199774743064
2022-06-10,83.88660153187581,83.07986127200624,62.05102810712766,0.1651819951625273
2022-06-11,83.88718761483992,83.08291517587938,62.05363117795149,0.17596312560341337
2022-06-12,83.88719545541468,83.08295045846586,62.05367430111273,0.1829603963602215
2022-06-13,83.88773449493017,83.08452053356365,62.058296319939984,0.17997193098324116
2022-06-14,83.88821080984748,83.08570054006663,62.06165992651657,0.14184397163120568
2022-06-15,83.8887126066328,83.08727061516444,62.06550180815415,0.15605026810764147
2022-06-16,83.88928692873475,83.08890929529149,62.0694338564016,0.1480450913242009
2022-06-17,83.89028856216169,83.09462899458663,62.075267244030904,0.1371691258248684
2022-06-18,83.89071979377407,83.09686355839625,62.07725286959156,0.14331575326759916
2022-06-19,83.89072371406145,83.09689296055164,62.077282271746945,0.135233130156988
2022-06-20,83.89114318481168,83.09803376418076,62.08096734188913,0.12222769837358305
2022-06-21,83.89157637656776,83.09909616206217,62.08402712619334,0.14128509740711997
2022-06-22,83.89208209364045,83.10026832799038,62.087081030066486,0.1465686865036341
2022-06-23,83.89258389042578,83.10168355173646,62.09041915477507,0.1621961356770675
2022-06-24,83.89360512528964,83.10605663231475,62.09570174202674,0.16218955904713633
2022-06-25,83.89406575905741,83.10808342089295,62.09741882790149,0.1745094458310505
2022-06-26,83.89407163948849,83.10810694261727,62.0974717517812,0.15771913861085837
2022-06-27,83.89450483124456,83.10906937317036,62.101115658905826,0.14385573903353258
2022-06-28,83.89489097955202,83.11002396314868,62.10442242131532,0.13014315747322056
2022-06-29,83.89543981978595,83.11119808922057,62.10745672375154,0.11867011653016361
2022-06-30,83.89592005499065,83.11188021922561,62.11061451524039,0.1065440475522907
2022-07-01,83.8968413225262,83.11483219562673,62.11564620409942,0.10031707360765277
2022-07-02,83.89730587658136,83.11615333247558,62.11745149644033,0.07698487079930379
2022-07-03,83.89731567729982,83.11617293391251,62.117490699314196,0.07553583231045227
2022-07-04,83.8978233545162,83.11702167613142,62.121120885432966,0.07383743708748983
2022-07-05,83.8981997021052,83.11778809231524,62.12411990528272,0.06166467820421733
2022-07-06,83.89872698075852,83.11877600473633,62.127683446515945,0.05508718145238552
2022-07-07,83.8992640601303,83.11983056204298,62.13165469763725,0.049781933487008
2022-07-08,83.90048718979452,83.12238070898711,62.138768059097856,0.04893421284425219
2022-07-09,83.90103799017216,83.12370184583595,62.14143385451985,0.0554909156001074
2022-07-10,83.90105367132169,83.12372340741658,62.14149265883064,0.05980175309248792
2022-07-11,83.90167699701595,83.12461135250933,62.14652042740227,0.06770217269501339
2022-07-12,83.90220819595666,83.12527780136485,62.1508837072621,0.06228251892170004
2022-07-13,83.9028099600703,83.12611282257791,62.15596832000083,0.05753193912290483
2022-07-14,83.90348228935687,83.12703605025715,62.16183306992923,0.05442277513883091
2022-07-15,83.90490535367773,83.12923729162398,62.17161418695552,0.05076117823398987
2022-07-16,83.90559924454493,83.13027420763738,62.175026797124424,0.04437638132363434
2022-07-17,83.9056090452634,83.13028400835586,62.17508952172258,0.038832619400296246
2022-07-18,83.90640094331523,83.13111314913785,62.182967339223325,0.03417077032306565
2022-07-19,83.90719676165445,83.13186584431583,62.190217910742426,0.03171169727679972
2022-07-20,83.90822583709308,83.13286355745538,62.19819961585888,0.028300425400078644
2022-07-21,83.9092862748308,83.13394163648633,62.20706534578072,0.026111720082360713
2022-07-22,83.91162668639981,83.1362702871932,62.223022875582544,0.028184821970068726
2022-07-23,83.9127243668677,83.13734640608045,62.22842503159948,0.029910292673391382
2022-07-24,83.91274004801724,83.13735816694262,62.228554401083194,0.029134483441160576
2022-07-25,83.91377304374326,83.13828923519662,62.23719471448037,0.029833195418318015
2022-07-26,83.9145904236631,83.13917326000201,62.24427279335452,0.029284146965172484
2022-07-27,83.91550973105495,83.13988871244982,62.25101764780091,0.030466291505408256
2022-07-28,83.91635651313017,83.14071785323182,62.25751356399834,0.03099059635033443
2022-07-29,83.91790110635998,83.14244866011241,62.26742405050836,0.030775581511062623
2022-07-30,83.91842446472592,83.14311314882423,62.270679849181846,0.03093363835339524
2022-07-31,83.91842642486961,83.143120989399,62.27074061363631,0.030838815789473683
2022-08-01,83.91932613082453,83.14387172443328,62.277826533085225,0.031064843497761764
2022-08-02,83.92008666657729,83.14454993415093,62.28439301445559,0.029888013881701536
2022-08-03,83.92099813339436,83.14529282861045,62.2910261407115,0.02891768539541217
2022-08-04,83.92204288998254,83.14610628824289,62.297945447946546,0.029455363917819537
2022-08-05,83.92391678735271,83.14758227644346,62.30928683935218,0.02989784137585266
2022-08-06,83.92462439922575,83.14825656587372,62.31339922081936,0.02995955460128826
2022-08-07,83.9246400803753,83.1482624463048,62.31347566642338,0.02960090682588494
2022-08-08,83.9256809166761,83.14907982622464,62.32033420920394,0.03013418003928502
2022-08-09,83.92662766607964,83.14978547795398,62.32662431031364,0.03204029723941324
2022-08-10,83.92745680686163,83.1505812962932,62.332455737799265,0.03390420109602577
2022-08-11,83.92822910347654,83.15130458931579,62.338522382528005,0.035613271474012644
2022-08-12,83.92990306619006,83.15274921521727,62.34837798501462,0.03625227769244713
2022-08-13,83.93055383389601,83.15336666048046,62.35194348639155,0.03824114207288105
2022-08-14,83.9305577541834,83.1533803814863,62.352004250846015,0.041082074136987945
2022-08-15,83.93065968165541,83.15346074737771,62.35241196073409,0.043280922959957134
2022-08-16,83.93160055062788,83.15409191364674,62.358057174568906,0.04643347568805124
2022-08-17,83.93253945945666,83.15477600379546,62.3637102289785,0.0438665166997558
2022-08-18,83.93341564368727,83.15554634026667,62.36965730494198,0.04214257402286178
2022-08-19,83.93551299743841,83.15696940458753,62.379352175645806,0.04447802504056508
2022-08-20,83.93644994612349,83.15753588611472,62.383256781881556,0.04614194022378841
2022-08-21,83.93645778669826,83.15754176654579,62.38330578547387,0.047383449718696104
2022-08-22,83.93723008331317,83.15822585669453,62.388560930713865,0.049134807528859605
2022-08-23,83.93794749590468,83.15872569333614,62.39318098939742,0.047289558824305564
2022-08-24,83.93860218389801,83.15935881974887,62.397428620779394,0.05177194733170254
2022-08-25,83.93928431390304,83.1600193881733,62.4025955595532,0.06125512342610016
2022-08-26,83.94078970425902,83.16131308301044,62.41012643162035,0.06400207197369191
2022-08-27,83.94153455886222,83.1618286008016,62.41313917247594,0.0670723068064093
2022-08-28,83.9415384791496,83.16183448123267,62.413196016643035,0.07006031103550753
2022-08-29,83.94206771794661,83.16244604606479,62.418223785214664,0.06939301040620333
2022-08-30,83.94258911616885,83.1629243211258,62.422210717485505,0.0755970217081753
2022-08-31,83.94310267381633,83.16345159977911,62.4263701424013,0.08148608731477498
2022-09-01,83.9436181916075,83.16399455958198,62.43070205996205,0.08610292414476153
2022-09-02,83.94470215106952,83.16518044651603,62.43673342210432,0.08479307072979003
2022-09-03,83.94526667245302,83.16580573235399,62.43914635898997,0.08520135921227168
2022-09-04,83.94528431374624,83.16582141350352,62.43920320315706,0.08847607644469647
2022-09-05,83.94573122650817,83.1662252031042,62.443223457870666,0.09053472394669315
2022-09-06,83.94616049797686,83.16668975715936,62.446500818124775,0.08810666401933027
2022-09-07,83.94675246137203,83.16739540888872,62.450297616457426,0.08723157049813625
2022-09-08,83.94739146821584,83.16807165846268,62.454966678733314,0.08011282867219507
2022-09-09,83.94748947540047,83.1681735859347,62.45537242847769,0.0840136047837424
2022-09-10,83.94749731597524,83.16817554607839,62.45540771106416,0.08486910972929464
2022-09-11,83.94750123626262,83.16817750622208,62.455421432070004,0.08653755661094137
2022-09-12,83.9476168847405,83.16830883584949,62.455838942676536,0.07884314351980617
2022-09-13,83.9480657576461,83.16902820858469,62.459351520173755,0.085091422326053
2022-09-14,83.94851463055173,83.16988871166576,62.46261319927833,0.08479268189277217
2022-09-15,83.94898114475058,83.17069237057974,62.46622966439125,0.08654283870515905
2022-09-16,83.94992397386673,83.17261527154224,62.47137112129706,0.0881591992947264
2022-09-17,83.9504140097899,83.1736619882741,62.473413591024794,0.09033753864149052
2022-09-18,83.95041793007728,83.17366786870518,62.473472395335584,0.08856372737774355
2022-09-19,83.9508119189595,83.174357839285,62.47656158179519,0.09757618603450917
2022-09-20,83.95123334985342,83.17496744397342,62.47929206195904,0.09734574284729404
2022-09-21,83.95159205614918,83.17551432406366,62.48184808933426,0.1129283614740055
2022-09-22,83.95197820445664,83.17613176932684,62.48470793898182,0.1245022671936526
2022-09-23,83.95271129819768,83.17747446775631,62.48913590358352,0.1399124341145111
2022-09-24,83.95303472190696,83.17812327531857,62.49092355463121,0.1513026948927882
2022-09-25,83.95303668205067,83.17812719560595,62.49096275750505,0.16883957138678884
2022-09-26,83.95338950791533,83.17872503943221,62.49438320824873,0.17012280598287882
2022-09-27,83.95370705119353,83.1792072347806,62.49722933689045,0.17787969293341072
2022-09-28,83.95402655461545,83.17988544449825,62.5000931068254,0.17649135192375573
2022-09-29,83.95436369933059,83.18054209263529,62.50326853960748,0.1724744464205445
2022-09-30,83.95504386919193,83.18203964241647,62.508349232058826,0.15974988851809926
2022-10-01,83.95528496686613,83.18266100796704,62.510530871988735,0.1492411508922241
2022-10-02,83.95528496686613,83.18267668911659,62.51057791543736,0.13684073342623132
2022-10-03,83.95530848859043,83.18273941371474,62.51090329929034,0.13164956910083345
2022-10-04,83.95559858985695,83.1833686198401,62.51444135865557,0.14497321147179326
2022-10-05,83.95589849184192,83.18399586582174,62.51775792178352,0.1293959979666343
2022-10-06,83.95625523799399,83.18463879295292,62.521109767497954,0.12053903182581524
2022-10-07,83.95685896225132,83.18599521238824,62.52657072782566,0.12508045223262534
2022-10-08,83.95719806711016,83.18669302354282,62.52917771893688,0.12661368827582697
2022-10-09,83.95720002725385,83.18670674454867,62.52924632396613,0.12165771865330194
2022-10-10,83.95727647285786,83.18682239302653,62.53004606259272,0.12629076591635094
2022-10-11,83.9575567734059,83.18744963900818,62.53380169790783,0.12099049069120915
2022-10-12,83.95789587826474,83.18802396111012,62.53734955799152,0.12385244066278549
2022-10-13,83.95821930197401,83.18863552594222,62.54101502669677,0.12322509826139302
2022-10-14,83.95890731241013,83.19020168075265,62.54670140354913,0.1185989880488712
2022-10-15,83.95916997166495,83.19089361147616,62.54932799609727,0.11103343340050172
2022-10-16,83.95917585209602,83.19091125276938,62.549394640982825,0.11021307861866275
2022-10-17,83.95950515623639,83.1914679335781,62.55372067811249,0.1001561645460356
2022-10-18,83.95984426109521,83.19195404921388,62.55732342221958,0.08671645488974622
2022-10-19,83.96019512681619,83.19254209232167,62.56095556848204,0.10326777214618918
2022-10-20,83.96052639110026,83.19308505212454,62.564838613137184,0.10303473228940778
2022-10-21,83.96119283995576,83.19436894624322,62.571424695944465,0.09816286706963019
2022-10-22,83.96151626366505,83.19505499653565,62.57446879909915,0.09468266784390719
2022-10-23,83.96151822380874,83.19506087696672,62.574580527289626,0.08308182712197769
2022-10-24,83.96197297714542,83.19550582958495,62.57984547324808,0.08157195256618704
2022-10-25,83.96228660013625,83.1958919778924,62.583877488823845,0.08284048487898997
2022-10-26,83.96263158542617,83.19635849209125,62.58773897189837,0.06978332524968574
2022-10-27,83.9629687301413,83.1968230461464,62.591957201124934,0.06803428171862155
2022-10-28,83.9636841825891,83.197999132362,62.59828650510849,0.0650676479167134
2022-10-29,83.96400956644209,83.19849700885993,62.601365890849635,0.06602018331318432
2022-10-30,83.96401740701685,83.19850876972208,62.60144429659734,0.0687316525821985
2022-10-31,83.96433887058245,83.198853755012,62.60664651795762,0.07040447984112191
2022-11-01,83.96464073271112,83.19925754461266,62.61062168936631,0.07221242745147748
2022-11-02,83.9649935585758,83.1996476132075,62.61444396956697,0.07037092404680213
2022-11-03,83.96533462357831,83.20010040640051,62.61872296324801,0.07268508488080345
2022-11-04,83.96602067387074,83.20080213784247,62.624917017316776,0.07218643167486141
2022-11-05,83.96627549255079,83.20113340212654,62.62811205153579,0.0743446902416707
2022-11-06,83.96628137298187,83.20113536227024,62.6281884971398,0.07046675038072082
2022-11-07,83.96659695611638,83.2014646664106,62.632712508782426,0.07076266801961327
2022-11-08,83.96691449939459,83.20186649586758,62.63597810817437,0.06919343519046317
2022-11-09,83.96723988324757,83.20231144848582,62.63928095029648,0.07647151436090056
2022-11-10,83.96759662939964,83.20269759679326,62.642844491529715,0.07757369501025975
2022-11-11,83.9682709188299,83.2035973027482,62.64866415815318,0.07679260856025953
2022-11-12,83.96859630268288,83.20396384961872,62.65167689900877,0.0752519779067166
2022-11-13,83.96860218311396,83.20397365033718,62.65176902576233,0.08118866954525918
2022-11-14,83.96893932782909,83.20438920080002,62.65610682375416,0.08696928654718084
2022-11-15,83.96931371527438,83.20473026580254,62.65935086156548,0.08717926640261753
2022-11-16,83.96969398315076,83.20516933798969,62.66254197549711,0.08303371115446133
2022-11-17,83.97008209160191,83.20559076888361,62.666472063600864,0.08727628799046347
2022-11-18,83.97080734476819,83.206423829953,62.672134918728915,0.09387290471900171
2022-11-19,83.97112684819008,83.20686878257122,62.67526330806238,0.10000817505518163
2022-11-20,83.97113272862117,83.2068727028586,62.67540247826455,0.09875947130763027
2022-11-21,83.97160120296371,83.20731373518944,62.67968343208929,0.09674396106055567
2022-11-22,83.97207163744994,83.20772144507752,62.68310780312034,0.09784520668425682
2022-11-23,83.97255775308572,83.20818991942006,62.68644200754153,0.0987558933871639
2022-11-24,83.97307523102057,83.20867015462477,62.68968016492179,0.09562907770468664
2022-11-25,83.97383380662963,83.20944245123965,62.694666770475884,0.09267248266385454
2022-11-26,83.97417487163214,83.20978351624218,62.69762266716439,0.08868768697217588
2022-11-27,83.97418271220693,83.20978939667326,62.69778143880349,0.08792264919127005
2022-11-28,83.97467470827378,83.21019710656134,62.70187813912113,0.09048073844981626
2022-11-29,83.975094179024,83.21058717515616,62.70509473492075,0.0902841028282823
2022-11-30,83.97564693954533,83.21099292490054,62.7079859468674,0.09045075518352405
2022-12-01,83.97608601173248,83.21144179780616,62.710712506743874,0.091746574973902
2022-12-02,83.97676618159383,83.21216117054136,62.71431917113834,0.09165285134716214
2022-12-03,83.9771464494702,83.21250027540019,62.71682815506493,0.0908260317648549
2022-12-04,83.97715232990129,83.21250615583126,62.71699280713511,0.09660610345488252
2022-12-05,83.9775718006515,83.21296090916796,62.72012315661226,0.09504167833372823
2022-12-06,83.9779991119765,83.21333137632587,62.72220874950124,0.08846791581244802
2022-12-07,83.97841074215195,83.2137782890878,62.72420417578035,0.08756885978588505
2022-12-08,83.97886157520126,83.21423500256819,62.726281928094565,0.08549270258717202
2022-12-09,83.9794652994586,83.21502298033262,62.7290418104138,0.08714953967166225
2022-12-10,83.97972207828234,83.2153503243293,62.730611885511614,0.08651860755935128
2022-12-11,83.9797299188571,83.21536992576623,62.73070989269625,0.08016613658692079
2022-12-12,83.9801591903258,83.21582075881552,62.73276216314244,0.07756337495270525
2022-12-13,83.9806119835188,83.216308834595,62.7342420716304,0.07752529986091729
2022-12-14,83.98108633829241,83.2167067437646,62.73579254529128,0.07353423640917617
2022-12-15,83.9814097620017,83.21720266011884,62.73741358412509,0.07205529908543476
2022-12-16,83.98199192467843,83.21796711615897,62.73974615511935,0.07115954590899115
2022-12-17,83.98229182666338,83.21830034058672,62.73974811526304,0.07050544275660905
2022-12-18,83.98229378680708,83.2183062210178,62.73974811526304,0.07002679285987683
2022-12-19,83.98270149669516,83.2187590142108,62.73975007540673,0.07140082338821864
2022-12-20,83.98310920658322,83.21919612625427,62.739753995694116,0.07714293762906815
2022-12-21,83.98352279690238,83.21964303901619,62.739753995694116,0.07912651211194682
2022-12-22,83.98388542348552,83.22007427062857,62.73975595583781,0.07882631651634425
2022-12-23,83.98437937969607,83.2206779948859,62.73975595583781,0.07777631785294978
2022-12-24,83.98460087593334,83.22090537155425,62.73975595583781,0.08107924541116941
2022-12-25,83.98460087593334,83.22091321212902,62.73975595583781,0.08200325888598786
2022-12-26,83.98507523070695,83.22132680244817,62.7397579159815,0.08325738669755636
2022-12-27,83.98551234275041,83.22179135650333,62.7397579159815,0.08154488162152955
2022-12-28,83.98596121565602,83.22233627644988,62.7397579159815,0.08443190758543934
2022-12-29,83.98640224798687,83.22284787395367,62.7397579159815,0.08823029397903562
2022-12-30,83.98698833095098,83.2235594061141,62.73975987612519,0.09009282159455631
2022-12-31,83.9871961061824,83.2237711016329,62.73975987612519,0.08895672081107599
2023-01-01,83.9871961061824,83.2237730617766,62.73975987612519,0.09306593262550793
2023-01-02,83.98756461319661,83.224255257125,62.73975987612519,0.09605725627944088
2023-01-03,83.98798604409053,83.22469236916844,62.739763796412575,0.09322221008004175
2023-01-04,83.98831730837459,83.22509027833806,62.739763796412575,0.09147777567919974
2023-01-05,83.98875834070544,83.22553915124367,62.73976575655627,0.09048119333354931
2023-01-06,83.98930718093938,83.2262781254158,62.73976575655627,0.09342707497758694
2023-01-07,83.98957768076896,83.2265976288377,62.73977163698735,0.09528542205411247
2023-01-08,83.98958944163113,83.22660154912508,62.73977163698735,0.09039374524813702
2023-01-09,83.99005987611736,83.22709354519193,62.73977163698735,0.08671748094464576
2023-01-10,83.9905518721842,83.22753261737908,62.73977163698735,0.0954787388366364
2023-01-11,83.99113011457354,83.2280089322964,62.73977359713104,0.10819431021900894
2023-01-12,83.9916730743764,83.22852248994388,62.739777517418425,0.11650102610519146
2023-01-13,83.99223955590357,83.22922422138585,62.73977947756212,0.1152607064914452
2023-01-14,83.99247673329037,83.2295280436582,62.73978143770581,0.11682592936524579
2023-01-15,83.99247869343408,83.22953196394559,62.73978143770581,0.12366423413761662
2023-01-16,83.99296088878246,83.23009648532907,62.7397833978495,0.12548657151490375
2023-01-17,83.99331959507822,83.23060220240177,62.7397833978495,0.129659023541336
2023-01-18,83.99381355128877,83.2311275209114,62.7397833978495,0.12539801576080944
2023-01-19,83.99427614520023,83.23159403511025,62.7397833978495,0.12309485698378454
2023-01-20,83.9948426267274,83.23231732813284,62.7397833978495,0.12133523915451398
2023-01-21,83.99486614845172,83.23237221215624,62.7397833978495,0.12947156420830538
2023-01-22,83.99486810859541,83.23237221215624,62.7397833978495,0.13395429977726203
2023-01-23,83.9948700687391,83.23237809258731,62.7397833978495,0.13320119774517014
2023-01-24,83.99490143103819,83.23242709617963,62.7397833978495,0.14396234445807565
2023-01-25,83.99528365905825,83.23301905957481,62.7397833978495,0.1495765508911392
2023-01-26,83.99563648492293,83.23361690340107,62.739787318136884,0.1293398251542259
2023-01-27,83.996069676679,83.2344597651889,62.739789278280576,0.12961123209621495
2023-01-28,83.99629117291627,83.23485571421482,62.739789278280576,0.11828640179524962
2023-01-29,83.99630293377842,83.23486355478958,62.739789278280576,0.11984420253670228
2023-01-30,83.99666752050527,83.23540455444875,62.739789278280576,0.12399256044637322
2023-01-31,83.99702426665732,83.23593575338946,62.73979123842427,0.1271186440677966
2023-02-01,83.99727908533737,83.23634346327754,62.73979123842427,0.13660940562141322
2023-02-02,83.99752998373002,83.23671785072283,62.739795158711665,0.1625381964761719
2023-02-03,83.9979102516064,83.23729217282477,62.739795158711665,0.17997288079878374
2023-02-04,83.9980984254009,83.23751366906204,62.739795158711665,0.1880983434924184
2023-02-05,83.99810626597566,83.23752935021159,62.739795158711665,0.19007881316643488
2023-02-06,83.99837480566156,83.2379488209618,62.739795158711665,0.17970381800048923
2023-02-07,83.99861394319205,83.23834084970034,62.739795158711665,0.1722057907845579
2023-02-08,83.99890992488965,83.2387211175767,62.739795158711665,0.1575399832489132
2023-02-09,83.99918238486292,83.23910138545308,62.739795158711665,0.1590197857310323
2023-02-10,83.99954109115868,83.2396345445375,62.739795158711665,0.14796113692095977
2023-02-11,83.99974494610272,83.23986192120583,62.73979907899905,0.14446295632368136
2023-02-12,83.99975474682118,83.239873682068,62.73979907899905,0.14859801007882154
2023-02-13,84.00004484808768,83.24011477974219,62.73979907899905,0.14427196893271288
2023-02-14,84.0003623913659,83.24040488100869,62.73980299928643,0.14816616725085416
2023-02-15,84.00068777521888,83.24075182644229,62.739804959430124,0.155487212320075
2023-02-16,84.00095827504846,83.24107329000789,62.739804959430124,0.14533520862634788
2023-02-17,84.00137774579869,83.24154372449412,62.739804959430124,0.1609551607749871
2023-02-18,84.00155415873103,83.24178090188093,62.73980887971751,0.16016164005519415
2023-02-19,84.00156199930579,83.24178482216831,62.73980887971751,0.14987783067583565
2023-02-20,84.00181093755477,83.24209648501545,62.73980887971751,0.1489535061363752
2023-02-21,84.00227745175361,83.24246107174228,62.73980887971751,0.14989349672601046
2023-02-22,84.00276356738938,83.24283349904388,62.7398108398612,0.1402127458778801
2023-02-23,84.00318303813961,83.24324708936302,62.7398108398612,0.14344629729245115
2023-02-24,84.00377500153479,83.24377240787267,62.7398108398612,0.136412218034539
2023-02-25,84.00400041805945,83.24401154540317,62.7398108398612,0.13627846232468344
2023-02-26,84.00400825863422,83.24402134612163,62.7398108398612,0.12972038051311616
2023-02-27,84.00429051932596,83.24436045098045,62.7398108398612,0.13896931094383322
2023-02-28,84.0046551060528,83.24468387468974,62.7398108398612,0.1528962069979418
2023-03-01,84.00470018935772,83.24471719713252,62.7398108398612,0.1502104433438927
2023-03-02,84.00496088846884,83.24505630199134,62.73981280000489,0.1469967316684129
2023-03-03,84.00528823246552,83.2454640118794,62.73981280000489,0.13216612504470324
2023-03-04,84.00543720338615,83.2457305914216,62.73981280000489,0.12212994626282364
2023-03-05,84.00543916352984,83.2457325515653,62.73981280000489,0.11950322961259777
2023-03-06,84.0056136163185,83.24596972895212,62.73981280000489,0.10996625692938058
2023-03-07,84.00580375025667,83.2462402287817,62.73981280000489,0.10611799731757283
2023-03-08,84.00605856893672,83.2465616923473,62.739816720292275,0.10680321872713971
2023-03-09,84.00628790574876,83.24681455088364,62.739816720292275,0.10881089224931645
2023-03-10,84.00662113017651,83.24723990206495,62.73981868043597,0.11032286895318959
2023-03-11,84.00676618080976,83.2474908004576,62.73982064057966,0.1080067077850098
2023-03-12,84.00677206124085,83.24749864103238,62.73982064057966,0.111603949062813
2023-03-13,84.00692495244887,83.24772209741333,62.73982260072336,0.11605748427492729
2023-03-14,84.00715232911722,83.24799259724293,62.73982260072336,0.10447198119504339
2023-03-15,84.00737578549818,83.24825525649774,62.73982260072336,0.10290636990429708
2023-03-16,84.00756395929267,83.24854143747686,62.73982260072336,0.09989563142984942
2023-03-17,84.00779133596103,83.24893542635908,62.73982456086705,0.09421919640143457
2023-03-18,84.00792462573212,83.24911575957881,62.73982456086705,0.09684708920692994
2023-03-19,84.00793050616319,83.2491196798662,62.73982456086705,0.09144451332920026
2023-03-20,84.00809907852077,83.24930981380439,62.73982456086705,0.08716224629560453
2023-03-21,84.00828137188418,83.24951562889211,62.73982456086705,0.08788159111933395
2023-03-22,84.00844798409805,83.2496802809623,62.73982652101074,0.08479837671678855
2023-03-23,84.00863811803625,83.2499409800734,62.73982652101074,0.0785115397149883
2023-03-24,84.00885177369875,83.2502898856507,62.73982652101074,0.08149010477299184
2023-03-25,84.00892429901538,83.25045845800827,62.73982652101074,0.08295194508009153
2023-03-26,84.00892821930276,83.25046041815196,62.73982652101074,0.08229985526577178
2023-03-27,84.00906738950493,83.25069563539508,62.73982652101074,0.07349927207451695
2023-03-28,84.00922224085664,83.25094849393143,62.73982652101074,0.07479326013942593
2023-03-29,84.00940257407638,83.25118567131824,62.73982652101074,0.08178459629431174
2023-03-30,84.00957898700871,83.25142872913614,62.73982652101074,0.07654037504783774
2023-03-31,84.00976716080321,83.2517854752882,62.73982652101074,0.07645043463487838
2023-04-01,84.00985928755676,83.25194620707099,62.73982652101074,0.07496145849539623
2023-04-02,84.00986320784415,83.25195796793314,62.73982652101074,0.07601886394031111
2023-04-03,84.00998669689679,83.25216966345195,62.73982652101074,0.0814789840413576
2023-04-04,84.01015526925435,83.25238331911446,62.73982848115443,0.08008284432171212
2023-04-05,84.01031208074976,83.25260285520802,62.73983240144182,0.0691506671005532
2023-04-06,84.0104630118141,83.25281847101422,62.73983240144182,0.0708603516277826
2023-04-07,84.01066098632705,83.2531183729992,62.73983436158551,0.06918481659371217
2023-04-08,84.01078055509231,83.25331046708108,62.73983436158551,0.06799456043516519
2023-04-09,84.01078643552339,83.25331634751215,62.73983436158551,0.06545726575649898
2023-04-10,84.01093540644403,83.25356136547373,62.73983436158551,0.06710958996040534
2023-04-11,84.0110765367899,83.25379658271684,62.73983436158551,0.06931419717850444
2023-04-12,84.01120590627362,83.25404356082213,62.73983436158551,0.07940745608630768
2023-04-13,84.01134115618841,83.25428073820893,62.7398363217292,0.07028762799928334
2023-04-14,84.01148816696535,83.25470412924655,62.7398363217292,0.06394905845216066
2023-04-15,84.01161753644907,83.25483937916134,62.7398363217292,0.060152386044646435
2023-04-16,84.01161753644907,83.25484525959241,62.7398363217292,0.06228960691282106
2023-04-17,84.01174494578909,83.25502363266844,62.7398363217292,0.056286406178414815
2023-04-18,84.01188215584757,83.25531961436603,62.7398363217292,0.05561032329819772
2023-04-19,84.01206248906729,83.25568616123657,62.7398363217292,0.04406364749082007
2023-04-20,84.01221734041901,83.25599586394,62.7398363217292,0.04750875942751945
2023-04-21,84.0124094345009,83.25640161368437,62.7398363217292,0.04876802675274611
2023-04-22,84.01246823881168,83.25658390704778,62.7398363217292,0.050999014019062296
2023-04-23,84.01247607938645,83.25659174762256,62.7398363217292,0.05118162802082869
2023-04-24,84.01259368800801,83.25677404098599,62.7398363217292,0.055580257892396616
2023-04-25,84.01269561548003,83.2570112183728,62.73983828187289,0.05133584804588978
2023-04-26,84.01281518424527,83.25719743202359,62.73983828187289,0.06146006771782007
2023-04-27,84.01295239430377,83.25743852969778,62.73983828187289,0.06356144830893094
2023-04-28,84.01314252824194,83.25779919613723,62.739840242016584,0.06676533098912837
2023-04-29,84.01321309341489,83.25792072504618,62.739840242016584,0.06381691148154262
2023-04-30,84.01321701370227,83.25792464533356,62.739840242016584,0.06258497528972527
2023-05-01,84.01329737959367,83.25808145682898,62.739840242016584,0.062081883864062076
2023-05-02,84.01337970562875,83.25828335162932,62.739840242016584,0.06571625417351211
2023-05-03,84.01344047008324,83.25852444930351,62.739840242016584,0.056032682335442195
2023-05-04,84.01353847726786,83.25873614482232,62.739840242016584,0.04902714758132739
2023-05-05,84.01354827798633,83.25875378611555,62.739840242016584,0.0431255964178228
2023-05-06,84.01356199899217,83.25885375344387,62.739842202160276,0.04341096976331584
2023-05-07,84.01356395913587,83.25885571358756,62.739842202160276,0.04388913790527417
2023-05-08,84.0136325641651,83.25899880407714,62.739842202160276,0.04202026107370902
2023-05-09,84.01369920905066,83.25918305758424,62.73984416230397,0.043321549871768214
2023-05-10,84.01374625249927,83.2593516299418,62.73984416230397,0.05305754638324392
2023-05-11,84.01383249882176,83.2594613979886,62.73984416230397,0.056223618954912014
2023-05-12,84.01390698428209,83.25965545221416,62.73984416230397,0.05730325881141415
2023-05-13,84.013926585719,83.25975933982987,62.73984416230397,0.0570464029507838
2023-05-14,84.0139285458627,83.25976129997356,62.73984416230397,0.05588987397981839
2023-05-15,84.0139834298861,83.25985538687081,62.73984416230397,0.05554141306611742
2023-05-16,84.01404027405319,83.25995339405546,62.73984416230397,0.05393948142126735
2023-05-17,84.0140853573581,83.26008276353917,62.73984612244766,0.045439985697578275
2023-05-18,84.01413436095042,83.26017293014903,62.73984612244766,0.05019969141954392
2023-05-19,84.01417356382427,83.26030621992012,62.73984612244766,0.054053253561591096
2023-05-20,84.01421864712921,83.2603924662426,62.73984612244766,0.05380803981794946
2023-05-21,84.0142206072729,83.2603924662426,62.73984612244766,0.05329170075584144
2023-05-22,84.01425196957199,83.26049047342723,62.73984612244766,0.05796010538200978
2023-05-23,84.01429117244584,83.26056691903125,62.73984612244766,0.06051043230491131
2023-05-24,84.01431861445752,83.26065512549742,62.73984612244766,0.0667299947401063
2023-05-25,84.01435193690031,83.26075705296944,62.73985004273506,0.06738003946545168
2023-05-26,84.01440290063633,83.26090602389009,62.73985004273506,0.06991017355607039
2023-05-27,84.01441270135479,83.26091386446485,62.73985004273506,0.06845463657922402
2023-05-28,84.01441270135479,83.26091386446485,62.73985004273506,0.06885939930800554
2023-05-29,84.01441858178586,83.26093934633285,62.73985396302244,0.06117247238742565
2023-05-30,84.01458911428712,83.26115300199535,62.739857883309824,0.0582660390928706
2023-05-31,84.01464007802313,83.26124512874891,62.739857883309824,0.05750431282346176
2023-06-01,84.01470476276498,83.26133529535876,62.739857883309824,0.05563925220845032
2023-06-02,84.01477336779422,83.26144114311816,62.739857883309824,0.051426018193007746
2023-06-03,84.01481257066808,83.26149994742894,62.739859843453516,0.056038340261456494
2023-06-04,84.01481257066808,83.26150190757264,62.739859843453516,0.05322237275014515
2023-06-05,84.0148596141167,83.26158423360773,62.7398637637409,0.052381336127004595
2023-06-06,84.01486549454779,83.2615920741825,62.73986572388459,0.04766334304538011
2023-06-07,84.0149419401518,83.2616998820856,62.739869644171975,0.04055351408613897
2023-06-08,84.01500466474997,83.26179592912654,62.73987944489045,0.043710039596153515
2023-06-09,84.01505758862966,83.26187041458685,62.7398912057526,0.050773878531957924
2023-06-10,84.01507915021028,83.26192725875394,62.73989316589629,0.04778197766192544
2023-06-11,84.01507915021028,83.26192921889763,62.73989316589629,0.05383281067085936
2023-06-12,84.01511835308413,83.26197822248996,62.739901006471065,0.05649177392861179
2023-06-13,84.01515951610168,83.26203702680073,62.739950010063374,0.0644556931565242
2023-06-14,84.01520263926292,83.26209387096782,62.73999509336831,0.06890102859392687
2023-06-15,84.01524968271154,83.26215463542229,62.74002253538,0.06729248679384947
2023-06-16,84.01530064644754,83.26224676217583,62.74009114040925,0.062194502356383255
2023-06-17,84.01531044716602,83.26228204476232,62.74011270198987,0.06186970240673142
2023-06-18,84.01531044716602,83.26228204476232,62.74011270198987,0.05780038415024543
2023-06-19,84.01535749061463,83.26233104835464,62.740126422995715,0.057090659968029235
2023-06-20,84.01541041449434,83.26239769324017,62.74017150630065,0.0487657823804795
2023-06-21,84.01546529851774,83.26246433812572,62.74020090845603,0.04865706500583885
2023-06-22,84.01550254124788,83.26250158085588,62.74022443018035,0.04700706879883636
2023-06-23,84.01555546512759,83.2625780264599,62.740263633054205,0.04621811394542707
2023-06-24,84.01556526584606,83.26260154818421,62.74027147362897,0.04813863928112966
2023-06-25,84.01556526584606,83.26260154818421,62.74027147362897,0.049591753599829966
2023-06-26,84.01559074771406,83.26264075105807,62.74028127434743,0.049496636880297686
2023-06-27,84.0156319107316,83.26268975465038,62.7403185170776,0.05426600847249939
2023-06-28,84.0156907150424,83.26277404082917,62.74036752066991,0.05399568034557236
2023-06-29,84.01570835633562,83.26280344298456,62.74040084311269,0.0504316608257116
2023-06-30,84.01573971863469,83.26286224729533,62.74041848440592,0.050158417000359466
2023-07-01,84.0157652005027,83.26288772916334,62.74042828512438,0.04668687034155131
2023-07-02,84.0157652005027,83.26288772916334,62.74042828512438,0.04368295879240887
2023-07-03,84.01582204466979,83.26292889218088,62.740432205411764,0.04255695003171697
2023-07-04,84.0158749685495,83.2629778957732,62.74045376699239,0.03556187766714083
2023-07-05,84.01591417142335,83.26301317835967,62.74046944814194,0.032531625915876175
2023-07-06,84.0159533742972,83.26305042108983,62.740479248860396,0.032071383773305207
2023-07-07,84.01598865688366,83.26311706597538,62.74050865101578,0.028043392019261024
2023-07-08,84.01601609889536,83.26313274712493,62.740512571303164,0.02679878686467266
2023-07-09,84.01601609889536,83.26313274712493,62.740512571303164,0.025954623721260003
2023-07-10,84.01605530176923,83.26319351157939,62.740512571303164,0.02504539477803519
2023-07-11,84.01607882349353,83.26322879416585,62.74052433216533,0.024807289712840495
2023-07-12,84.01610430536154,83.26326995718341,62.74054393360225,0.023261494085765128
2023-07-13,84.01611998651107,83.26330327962617,62.740555694464405,0.02317051805887572
2023-07-14,84.01613762780431,83.2633248412068,62.74057137561395,0.020909220966446204
2023-07-15,84.01615330895385,83.26334640278742,62.74058117633241,0.021397697607737406
2023-07-16,84.01615330895385,83.26334640278742,62.74058117633241,0.022304061413973755
2023-07-17,84.0161670299597,83.26336404408066,62.740583136476104,0.0230003731171639
2023-07-18,84.01619839225877,83.26339932666713,62.740594897338255,0.02131597050644808
2023-07-19,84.01625131613848,83.26344440997205,62.7406105784878,0.018237525532535746
2023-07-20,84.01627875815018,83.26347577227114,62.74061645891887,0.01602862626008829
2023-07-21,84.01631600088034,83.26350909471391,62.74062233934996,0.019407212876479285
2023-07-22,84.0163238414551,83.26352281571975,62.74062233934996,0.01930616024113
2023-07-23,84.01632972188618,83.26352673600714,62.74062233934996,0.019104128739352258
2023-07-24,84.01635520375419,83.26355417801884,62.74062233934996,0.019880569320599954
2023-07-25,84.01639048634067,83.26357769974315,62.74062821978104,0.021394798211394866
2023-07-26,84.01643360950189,83.26362278304809,62.740647821217955,0.024773767333035133
2023-07-27,84.0164590913699,83.26364826491609,62.74065762193642,0.028237983077142845
2023-07-28,84.01648849352529,83.2636953083647,62.74066742265488,0.028229797037493714
2023-07-29,84.01649829424376,83.26370902937056,62.74066742265488,0.02739865682863733
2023-07-30,84.01649829424376,83.26370902937056,62.74066742265488,0.029331987636409512
2023-07-31,84.01651985582438,83.26373843152595,62.740671342942264,0.030126058726985733
2023-08-01,84.01654337754869,83.26376391339394,62.74067722337335,0.029634751685476503
2023-08-02,84.0165688594167,83.26378939526195,62.74069486466658,0.028711662375028712
2023-08-03,84.01660806229054,83.26381879741734,62.74069878495396,0.0268584559372109
2023-08-04,84.01663746444594,83.26385015971643,62.74070074509767,0.026628898500002923
2023-08-05,84.0166492253081,83.2638599604349,62.74070074509767,0.027982195246488522
2023-08-06,84.0166492253081,83.2638599604349,62.74070074509767,0.027652265632795017
2023-08-07,84.01666490645763,83.2638834821592,62.74070074509767,0.027789829489546204
2023-08-08,84.01669430861301,83.26391288431459,62.74070466538505,0.029894280413937997
2023-08-09,84.01672959119949,83.26395012704475,62.74071054581613,0.03143464375924957
2023-08-10,84.01675115278012,83.26396972848168,62.74071446610351,0.033342873099803556
2023-08-11,84.01677663464811,83.26400501106815,62.740718386390895,0.03695147509724444
2023-08-12,84.01679231579764,83.26401873207399,62.74072230667828,0.03894080996884735
2023-08-13,84.01679427594134,83.26401873207399,62.74072230667828,0.039295909758099004
2023-08-14,84.01681975780934,83.26404225379831,62.74072230667828,0.042264564514671636
2023-08-15,84.01682955852782,83.26405205451677,62.74072230667828,0.04044889145707248
2023-08-16,84.01686288097059,83.26408341681585,62.74073406754044,0.041989502624343915
2023-08-17,84.01690404398813,83.2641226196897,62.74073602768413,0.041489683692173755
2023-08-18,84.01693736643091,83.26415594213248,62.74073994797151,0.03923770608252096
2023-08-19,84.01694520700568,83.26416182256355,62.74073994797151,0.04111743482029968
2023-08-20,84.01694520700568,83.26416182256355,62.74073994797151,0.044897787380915634
2023-08-21,84.01697068887368,83.26418534428787,62.74073994797151,0.045320964486775486
2023-08-22,84.01698833016692,83.26420690586849,62.74075170883368,0.05093666874186429
2023-08-23,84.01702949318445,83.26424218845496,62.74075170883368,0.04831509608579672
2023-08-24,84.01705105476508,83.26426375003557,62.74075170883368,0.048442979453858066
2023-08-25,84.01707849677678,83.26429119204727,62.740759549408445,0.051573925696708475
2023-08-26,84.01708437720787,83.26429707247836,62.74076346969583,0.049945513984743915
2023-08-27,84.01708633735156,83.26429903262205,62.74076346969583,0.051494302716808445
2023-08-28,84.01712161993802,83.26433039492113,62.74076346969583,0.04866350548535034
2023-08-29,84.01714710180602,83.26434999635805,62.740769350126904,0.04911280101394169
2023-08-30,84.01716278295557,83.2643617572202,62.74077327041429,0.0542718859480367
2023-08-31,84.01718826482357,83.26438331880082,62.74077523055798,0.07522782728002682
